1,25,Riddhi,Bhatti,12000,bhatti.r@northeastern.edu
2,26,Daisy,Quadros,11000,daisy.q@northeastern.edu
3,27,Pratik,Nakave,10000,pratik.n@northeastern.edu
4,28,Chinmay,Ashtikar,9000,chinmay.a@northeastern.edu
5,29,Pranav,Sivakumar,8000,pranav.s@northeastern.edu
6,30,Andy,Jassy,10000,andy.j@northeastern.edu
7,31,Pam,Boui,12000,pam.b@northeastern.edu
8,32,Sam,Loui,11000,sam.l@northeastern.edu
9,33,Cam,Xu,10000,cam.xu@northeastern.edu
10,34,Brian,Sun,12000,brian.s@northeastern.edu